epoch,time,train/box_loss,train/cls_loss,train/dfl_loss,metrics/precision(B),metrics/recall(B),metrics/mAP50(B),metrics/mAP50-95(B),val/box_loss,val/cls_loss,val/dfl_loss,lr/pg0,lr/pg1,lr/pg2
1,9.42536,1.99322,6.22694,0.91798,0.92035,0.91176,0.9585,0.51737,1.52792,1.89828,0.93714,0.00023338,0.00023338,0.00023338
2,13.0645,1.51429,1.16577,0.86426,0.97798,0.97059,0.99159,0.64013,1.10595,0.98466,0.90867,0.000482234,0.000482234,0.000482234
3,17.7234,1.36725,0.95247,0.82366,0.99254,0.94118,0.99166,0.64125,1.27458,0.58012,0.92074,0.000729849,0.000729849,0.000729849
4,21.5469,1.42974,0.9671,0.85505,0.97132,0.9961,0.99186,0.64153,1.2126,0.51249,0.91107,0.000976227,0.000976227,0.000976227
5,25.067,1.354,0.86031,0.83629,1,0.96911,0.99289,0.6203,1.44348,0.52096,0.91807,0.00122137,0.00122137,0.00122137
6,28.6421,1.37272,0.8685,0.85423,0.96285,1,0.99357,0.6406,1.16426,0.50033,0.90542,0.00146527,0.00146527,0.00146527
7,32.3037,1.36753,0.78875,0.8461,0.99394,1,0.995,0.61691,1.56461,0.61175,0.9219,0.00164225,0.00164225,0.00164225
8,35.5794,1.30271,0.80392,0.84166,0.99568,1,0.995,0.64029,1.37366,0.49605,0.92046,0.00163812,0.00163812,0.00163812
9,38.7043,1.27665,0.7614,0.84366,0.99652,1,0.995,0.61115,1.45743,0.51521,0.92241,0.00163399,0.00163399,0.00163399
10,41.7837,1.19313,0.71717,0.83241,0.99818,1,0.995,0.68797,1.0845,0.44991,0.90311,0.00162987,0.00162987,0.00162987
11,45.8056,1.24013,0.71976,0.83356,1,0.99671,0.995,0.70911,1.06153,0.41314,0.90012,0.00162574,0.00162574,0.00162574
12,49.2541,1.26141,0.70313,0.84691,1,0.99805,0.995,0.69196,1.25766,0.45798,0.90611,0.00162162,0.00162162,0.00162162
13,52.4592,1.2138,0.69592,0.83346,1,0.99257,0.995,0.70094,0.90706,0.43323,0.90052,0.00161749,0.00161749,0.00161749
14,55.7581,1.28064,0.71913,0.8492,1,0.99696,0.995,0.61043,1.62022,0.62659,0.92497,0.00161336,0.00161336,0.00161336
15,59.41,1.32488,0.72786,0.85127,1,0.99918,0.995,0.71024,1.20847,0.62299,0.90649,0.00160924,0.00160924,0.00160924
16,63.5778,1.20844,0.66692,0.82954,1,0.99961,0.995,0.72528,1.0986,0.45502,0.90083,0.00160511,0.00160511,0.00160511
17,66.8879,1.23034,0.68791,0.843,1,0.99666,0.995,0.69001,1.29933,0.49022,0.90623,0.00160099,0.00160099,0.00160099
18,70.5937,1.21221,0.7091,0.8235,0.99607,0.97059,0.99338,0.67352,1.10613,0.4212,0.90416,0.00159686,0.00159686,0.00159686
19,73.9486,1.13513,0.63612,0.83301,0.9952,1,0.995,0.71375,0.98774,0.40046,0.89714,0.00159274,0.00159274,0.00159274
20,77.5179,1.19546,0.64999,0.83264,1,0.99883,0.995,0.69216,1.05791,0.43532,0.8986,0.00158861,0.00158861,0.00158861
21,80.4955,1.17704,0.66785,0.82502,1,0.99444,0.995,0.71914,1.08611,0.43617,0.89852,0.00158448,0.00158448,0.00158448
22,83.4966,1.19423,0.62501,0.82363,1,0.99954,0.995,0.70294,1.03885,0.41615,0.90002,0.00158036,0.00158036,0.00158036
23,86.335,1.14472,0.64308,0.82346,0.99626,1,0.995,0.70174,1.09212,0.44683,0.90084,0.00157623,0.00157623,0.00157623
24,89.7378,1.16743,0.62279,0.82704,1,0.99724,0.995,0.71025,1.05563,0.43048,0.90869,0.00157211,0.00157211,0.00157211
25,93.0667,1.12798,0.61812,0.83001,1,0.99937,0.995,0.73181,1.08814,0.42464,0.90225,0.00156798,0.00156798,0.00156798
26,96.3155,1.18663,0.61741,0.83296,0.99966,1,0.995,0.68845,1.20615,0.46606,0.90745,0.00156385,0.00156385,0.00156385
27,99.3903,1.19281,0.59815,0.83738,0.99718,1,0.995,0.74121,0.84415,0.43453,0.89695,0.00155973,0.00155973,0.00155973
28,102.931,1.12478,0.60089,0.82833,1,0.99495,0.995,0.74926,1.32126,0.45971,0.91095,0.0015556,0.0015556,0.0015556
29,106.903,1.15212,0.59709,0.82466,0.99359,1,0.995,0.72091,1.50484,0.51542,0.91722,0.00155148,0.00155148,0.00155148
30,110.092,1.20121,0.61565,0.83135,1,0.99946,0.995,0.74535,1.24343,0.459,0.90552,0.00154735,0.00154735,0.00154735
31,113.33,1.16989,0.58017,0.82617,0.99649,1,0.995,0.699,1.57969,0.53699,0.91149,0.00154323,0.00154323,0.00154323
32,116.094,1.1295,0.57208,0.83237,1,0.99966,0.995,0.62724,1.40918,0.46708,0.91616,0.0015391,0.0015391,0.0015391
33,119.222,1.14795,0.58513,0.81379,0.99767,1,0.995,0.76224,0.99315,0.42691,0.90019,0.00153497,0.00153497,0.00153497
34,122.186,1.13398,0.58045,0.82728,0.99879,1,0.995,0.71078,1.05638,0.45564,0.89812,0.00153085,0.00153085,0.00153085
35,124.903,1.1043,0.56355,0.82083,1,0.99737,0.995,0.74967,0.96538,0.3791,0.89818,0.00152672,0.00152672,0.00152672
36,127.865,1.05254,0.5619,0.81425,1,0.99509,0.995,0.69877,1.39459,0.50463,0.91186,0.0015226,0.0015226,0.0015226
37,130.646,1.09032,0.55901,0.82944,0.99747,0.97059,0.99389,0.73149,1.30044,0.42368,0.90415,0.00151847,0.00151847,0.00151847
38,134.235,1.0688,0.54801,0.81575,0.99889,0.97059,0.99443,0.71606,0.98417,0.4167,0.90057,0.00151434,0.00151434,0.00151434
39,137.637,1.07453,0.54627,0.83036,1,0.99814,0.995,0.69762,1.25606,0.5005,0.90168,0.00151022,0.00151022,0.00151022
40,140.613,1.07104,0.5823,0.80952,0.99998,1,0.995,0.75334,1.34758,0.47545,0.90495,0.00150609,0.00150609,0.00150609
41,143.334,1.05761,0.54454,0.82285,1,0.99455,0.995,0.74479,0.99656,0.43891,0.90211,0.00150197,0.00150197,0.00150197
42,146.165,1.11472,0.53933,0.825,0.99844,1,0.995,0.7586,0.95309,0.38729,0.89682,0.00149784,0.00149784,0.00149784
43,149.309,1.05909,0.56129,0.8135,0.99736,1,0.995,0.73253,0.95897,0.39612,0.89884,0.00149372,0.00149372,0.00149372
44,152.274,1.06648,0.55651,0.81932,1,0.99989,0.995,0.69295,0.89078,0.3871,0.90112,0.00148959,0.00148959,0.00148959
45,155.05,1.08577,0.54782,0.82445,0.99838,1,0.995,0.75201,0.89099,0.38131,0.89663,0.00148546,0.00148546,0.00148546
46,157.977,1.02382,0.53829,0.83055,0.99766,1,0.995,0.72779,1.09813,0.39955,0.90176,0.00148134,0.00148134,0.00148134
47,161.623,1.12742,0.54844,0.81877,0.99776,1,0.995,0.65916,1.27663,0.43233,0.9132,0.00147721,0.00147721,0.00147721
48,164.844,1.10722,0.55426,0.81916,0.99399,1,0.995,0.68295,0.98862,0.39663,0.90228,0.00147309,0.00147309,0.00147309
49,168.084,1.1063,0.54246,0.82041,0.99755,1,0.995,0.71674,0.95665,0.35478,0.90286,0.00146896,0.00146896,0.00146896
50,172.318,1.11835,0.54407,0.81622,0.99759,1,0.995,0.75418,0.84646,0.36808,0.89591,0.00146483,0.00146483,0.00146483
51,176.268,1.0978,0.56229,0.80762,0.99543,1,0.995,0.72046,1.22631,0.49217,0.90107,0.00146071,0.00146071,0.00146071
52,179.499,1.09468,0.55874,0.81839,0.99771,1,0.995,0.73337,0.92654,0.48061,0.89595,0.00145658,0.00145658,0.00145658
53,182.642,1.04345,0.52807,0.82926,0.99667,1,0.995,0.75532,1.09525,0.41981,0.89881,0.00145246,0.00145246,0.00145246
54,185.946,1.03468,0.51433,0.81358,0.99746,1,0.995,0.72918,0.999,0.37701,0.89596,0.00144833,0.00144833,0.00144833
55,189.352,1.03216,0.53011,0.81757,0.99775,1,0.995,0.75198,1.04574,0.39172,0.89548,0.00144421,0.00144421,0.00144421
56,192.549,1.00299,0.5316,0.81972,0.96834,1,0.99443,0.73287,1.25915,0.45078,0.89984,0.00144008,0.00144008,0.00144008
57,195.228,1.02123,0.51315,0.82309,0.97136,0.99777,0.99443,0.76345,0.9411,0.37332,0.89644,0.00143595,0.00143595,0.00143595
58,198.666,1.01203,0.53283,0.81225,0.96884,1,0.99443,0.74593,1.0819,0.38603,0.89994,0.00143183,0.00143183,0.00143183
59,201.701,1.0296,0.52292,0.80804,0.99803,1,0.995,0.74611,1.36863,0.47783,0.90321,0.0014277,0.0014277,0.0014277
60,204.921,1.07324,0.53573,0.82547,1,0.99977,0.995,0.73833,0.89647,0.3677,0.89109,0.00142358,0.00142358,0.00142358
61,208.735,0.99641,0.53437,0.81099,0.998,1,0.995,0.73866,0.85565,0.36503,0.89339,0.00141945,0.00141945,0.00141945
62,211.734,1.03793,0.53031,0.82378,0.99844,1,0.995,0.72611,1.06616,0.40564,0.89851,0.00141532,0.00141532,0.00141532
63,214.515,1.01503,0.53743,0.81505,0.99716,1,0.995,0.69516,1.16409,0.41765,0.9074,0.0014112,0.0014112,0.0014112
64,217.333,1.01522,0.5329,0.80188,0.99857,1,0.995,0.71929,1.01139,0.41966,0.90127,0.00140707,0.00140707,0.00140707
65,220.24,1.0101,0.50889,0.82808,1,0.99709,0.995,0.73564,1.02287,0.44046,0.89818,0.00140295,0.00140295,0.00140295
66,223.188,0.99741,0.51457,0.82022,0.99909,1,0.995,0.78976,0.8983,0.366,0.8927,0.00139882,0.00139882,0.00139882
67,226.214,1.01381,0.52137,0.82382,0.99711,1,0.995,0.76297,0.95374,0.37643,0.89814,0.0013947,0.0013947,0.0013947
68,229.473,0.99509,0.5009,0.8197,0.99812,1,0.995,0.75643,0.85186,0.3887,0.89269,0.00139057,0.00139057,0.00139057
69,232.552,1.03339,0.51421,0.8249,0.99814,1,0.995,0.76583,1.152,0.40681,0.89964,0.00138644,0.00138644,0.00138644
70,235.538,1.02172,0.51823,0.81135,0.96951,1,0.99357,0.74136,1.04691,0.37924,0.89798,0.00138232,0.00138232,0.00138232
71,238.582,1.02363,0.51296,0.81172,0.96943,1,0.99443,0.78182,0.8708,0.3429,0.89606,0.00137819,0.00137819,0.00137819
72,241.526,0.98378,0.52749,0.81796,0.9984,1,0.995,0.73986,0.95683,0.39404,0.90025,0.00137407,0.00137407,0.00137407
73,244.757,0.98104,0.52499,0.81196,0.99768,1,0.995,0.75218,0.90592,0.3599,0.89449,0.00136994,0.00136994,0.00136994
74,248.35,1.00347,0.50934,0.8086,0.99881,1,0.995,0.74547,0.9158,0.34927,0.8977,0.00136581,0.00136581,0.00136581
75,251.924,0.98496,0.50877,0.81567,1,0.99775,0.995,0.75944,0.92254,0.37661,0.89869,0.00136169,0.00136169,0.00136169
76,254.818,0.99289,0.49332,0.81304,0.99867,1,0.995,0.77862,0.94,0.33803,0.89406,0.00135756,0.00135756,0.00135756
77,257.661,0.93723,0.48914,0.81093,0.99804,1,0.995,0.75678,1.05674,0.39812,0.89352,0.00135344,0.00135344,0.00135344
78,260.928,0.92837,0.48293,0.8161,0.99628,1,0.995,0.77025,0.86834,0.33225,0.89146,0.00134931,0.00134931,0.00134931
79,263.74,0.96502,0.48611,0.80871,0.99837,1,0.995,0.77311,0.78606,0.32555,0.89132,0.00134519,0.00134519,0.00134519
80,266.626,0.97234,0.48908,0.79728,1,0.99489,0.995,0.77536,0.81717,0.35974,0.88924,0.00134106,0.00134106,0.00134106
81,269.637,0.93566,0.48737,0.81058,0.99872,1,0.995,0.73674,0.87705,0.39136,0.89097,0.00133693,0.00133693,0.00133693
82,272.444,0.97833,0.49656,0.80904,0.99721,1,0.995,0.7535,0.99067,0.39724,0.89737,0.00133281,0.00133281,0.00133281
83,275.362,0.95433,0.48771,0.80942,1,0.99882,0.995,0.77169,0.79229,0.39317,0.89141,0.00132868,0.00132868,0.00132868
84,278.278,0.96633,0.4987,0.80359,0.99785,1,0.995,0.75446,1.06325,0.45779,0.89755,0.00132456,0.00132456,0.00132456
85,281.159,0.93724,0.48472,0.79446,1,0.9978,0.995,0.75247,1.04819,0.40918,0.90348,0.00132043,0.00132043,0.00132043
86,284.118,1.01965,0.49716,0.81226,0.99976,1,0.995,0.76214,0.90005,0.37455,0.89631,0.0013163,0.0013163,0.0013163
87,286.983,0.94422,0.50532,0.79906,0.99916,1,0.995,0.71667,0.94093,0.37646,0.89614,0.00131218,0.00131218,0.00131218
88,290.12,0.95014,0.49894,0.81043,0.9985,1,0.995,0.75066,1.14285,0.38991,0.90593,0.00130805,0.00130805,0.00130805
89,292.92,0.90061,0.47407,0.80716,0.99847,1,0.995,0.76041,0.94796,0.37867,0.90051,0.00130393,0.00130393,0.00130393
90,295.728,0.96406,0.47083,0.82199,0.99807,1,0.995,0.77897,0.77084,0.35579,0.8899,0.0012998,0.0012998,0.0012998
91,298.649,0.96894,0.47548,0.81375,0.9969,1,0.995,0.7509,1.11124,0.41759,0.89542,0.00129568,0.00129568,0.00129568
92,301.428,0.90595,0.4621,0.81685,0.99526,1,0.995,0.76265,0.96981,0.41685,0.89511,0.00129155,0.00129155,0.00129155
93,304.362,0.95708,0.46879,0.81465,0.9981,1,0.995,0.76131,1.00863,0.3968,0.89346,0.00128742,0.00128742,0.00128742
94,307.197,0.9049,0.45501,0.8137,0.99776,1,0.995,0.76925,0.89257,0.33478,0.8907,0.0012833,0.0012833,0.0012833
95,309.998,0.903,0.45972,0.7988,0.99767,1,0.995,0.77289,0.97412,0.35647,0.8933,0.00127917,0.00127917,0.00127917
96,312.93,0.8648,0.44821,0.81071,0.99761,1,0.995,0.77283,1.01826,0.36807,0.89367,0.00127505,0.00127505,0.00127505
97,315.936,0.90561,0.43865,0.8075,0.99775,1,0.995,0.7475,1.13809,0.39449,0.90103,0.00127092,0.00127092,0.00127092
98,318.862,0.89223,0.46351,0.79335,0.99798,1,0.995,0.74844,1.3301,0.40039,0.90205,0.00126679,0.00126679,0.00126679
99,322.134,0.90866,0.45333,0.81722,0.9979,1,0.995,0.76519,0.95489,0.33651,0.89513,0.00126267,0.00126267,0.00126267
100,325.161,0.91389,0.45261,0.81134,0.99834,1,0.995,0.77501,1.11089,0.3859,0.8976,0.00125854,0.00125854,0.00125854
101,328.313,0.89625,0.46704,0.80985,0.99827,1,0.995,0.80431,0.8221,0.32133,0.8935,0.00125442,0.00125442,0.00125442
102,331.167,0.90339,0.4595,0.80115,0.99875,1,0.995,0.7884,0.79274,0.3414,0.89285,0.00125029,0.00125029,0.00125029
103,333.953,0.90409,0.46265,0.81391,0.99789,1,0.995,0.76354,0.82398,0.31342,0.89245,0.00124617,0.00124617,0.00124617
104,336.771,0.9541,0.47619,0.8049,0.99772,1,0.995,0.75688,1.03406,0.34185,0.90071,0.00124204,0.00124204,0.00124204
105,339.453,0.92052,0.4483,0.81959,0.99776,1,0.995,0.76613,0.96528,0.34478,0.89583,0.00123791,0.00123791,0.00123791
106,342.366,0.88208,0.44309,0.80584,0.99875,1,0.995,0.77021,0.93537,0.42878,0.89636,0.00123379,0.00123379,0.00123379
107,345.34,0.92762,0.47804,0.79938,0.99809,1,0.995,0.79759,0.75282,0.34126,0.89099,0.00122966,0.00122966,0.00122966
108,348.374,0.86881,0.44328,0.8039,0.99854,1,0.995,0.71318,1.10396,0.43477,0.90358,0.00122554,0.00122554,0.00122554
109,351.768,0.90549,0.4754,0.80108,0.99795,1,0.995,0.73561,1.01743,0.45159,0.89772,0.00122141,0.00122141,0.00122141
110,355.022,0.91694,0.45121,0.8074,0.99794,1,0.995,0.74907,1.15903,0.45786,0.90067,0.00121729,0.00121729,0.00121729
111,358.082,0.92808,0.46955,0.80366,0.99798,1,0.995,0.78829,0.959,0.40012,0.89484,0.00121316,0.00121316,0.00121316
112,360.883,0.95765,0.46845,0.80593,0.99838,1,0.995,0.77259,0.97184,0.37904,0.89275,0.00120903,0.00120903,0.00120903
113,363.718,0.88958,0.45459,0.82383,0.99827,1,0.995,0.75061,0.87726,0.35369,0.89159,0.00120491,0.00120491,0.00120491
114,366.576,0.88256,0.44852,0.80646,0.9978,1,0.995,0.77904,0.95536,0.38917,0.8938,0.00120078,0.00120078,0.00120078
115,369.392,0.89409,0.44709,0.79716,0.99778,1,0.995,0.76558,1.04716,0.40899,0.89573,0.00119666,0.00119666,0.00119666
116,372.205,0.90844,0.43919,0.82834,0.99813,1,0.995,0.79678,0.85545,0.33469,0.89074,0.00119253,0.00119253,0.00119253
117,374.944,0.91966,0.44762,0.8178,0.99854,1,0.995,0.74896,1.08616,0.4128,0.89812,0.0011884,0.0011884,0.0011884
118,377.732,0.86206,0.43429,0.82014,0.99807,1,0.995,0.74066,1.30182,0.46371,0.90028,0.00118428,0.00118428,0.00118428
119,380.467,0.86163,0.43876,0.81795,0.99811,1,0.995,0.78686,1.05253,0.41277,0.89331,0.00118015,0.00118015,0.00118015
120,383.78,0.865,0.43356,0.80771,0.99871,1,0.995,0.79583,0.94081,0.3747,0.89488,0.00117603,0.00117603,0.00117603
121,386.474,0.83612,0.42851,0.82032,0.99804,1,0.995,0.78391,1.14918,0.41033,0.90173,0.0011719,0.0011719,0.0011719
122,389.607,0.95589,0.46403,0.79566,0.99789,1,0.995,0.79053,1.11041,0.4119,0.89895,0.00116778,0.00116778,0.00116778
123,392.751,0.83082,0.44131,0.79796,0.99778,1,0.995,0.80699,0.83524,0.36977,0.89261,0.00116365,0.00116365,0.00116365
124,396.58,0.9135,0.44807,0.81449,0.99815,1,0.995,0.79827,0.87031,0.33857,0.88979,0.00115952,0.00115952,0.00115952
125,399.315,0.90451,0.44369,0.80608,1,1,0.995,0.75679,0.96857,0.34146,0.89414,0.0011554,0.0011554,0.0011554
126,402.279,0.84281,0.4301,0.80153,0.99788,1,0.995,0.79071,0.83986,0.35005,0.89319,0.00115127,0.00115127,0.00115127
127,405.033,0.87483,0.44289,0.80102,0.99781,1,0.995,0.75712,0.99131,0.37641,0.89419,0.00114715,0.00114715,0.00114715
128,407.822,0.87465,0.43504,0.8075,0.99846,1,0.995,0.78794,0.8236,0.33773,0.89807,0.00114302,0.00114302,0.00114302
129,410.595,0.90151,0.44249,0.81964,0.9987,1,0.995,0.76903,1.04002,0.36647,0.89673,0.00113889,0.00113889,0.00113889
130,413.64,0.90089,0.45516,0.80545,0.99905,1,0.995,0.7989,0.85548,0.34256,0.89205,0.00113477,0.00113477,0.00113477
131,416.51,0.90732,0.44485,0.80342,0.99802,1,0.995,0.76625,1.03339,0.36693,0.89585,0.00113064,0.00113064,0.00113064
132,419.755,0.91419,0.44817,0.80337,0.9985,1,0.995,0.78343,0.93844,0.36613,0.89028,0.00112652,0.00112652,0.00112652
133,422.851,0.89306,0.44766,0.81231,0.99837,1,0.995,0.7612,1.11315,0.39216,0.89597,0.00112239,0.00112239,0.00112239
134,425.858,0.87855,0.44522,0.79721,0.99797,1,0.995,0.77993,1.02054,0.36809,0.89265,0.00111827,0.00111827,0.00111827
135,428.804,0.851,0.43474,0.80089,0.99817,1,0.995,0.79261,0.9237,0.32567,0.89249,0.00111414,0.00111414,0.00111414
136,431.874,0.83248,0.43455,0.80397,0.99817,1,0.995,0.75254,1.14047,0.39988,0.89518,0.00111001,0.00111001,0.00111001
137,434.74,0.8619,0.44286,0.80122,0.99797,1,0.995,0.76699,1.00762,0.36589,0.89368,0.00110589,0.00110589,0.00110589
138,437.496,0.87118,0.44878,0.79844,0.99831,1,0.995,0.79618,0.95835,0.34222,0.89322,0.00110176,0.00110176,0.00110176
139,440.121,0.85263,0.42569,0.80588,0.99814,1,0.995,0.78749,0.83632,0.32722,0.88967,0.00109764,0.00109764,0.00109764
140,444.069,0.86048,0.43302,0.79952,0.99808,1,0.995,0.79215,0.92129,0.38383,0.88866,0.00109351,0.00109351,0.00109351
141,448.214,0.83308,0.43475,0.80556,0.99823,1,0.995,0.76832,1.07902,0.43028,0.89462,0.00108938,0.00108938,0.00108938
142,452.37,0.88548,0.43269,0.80152,0.99798,1,0.995,0.76104,0.8587,0.33405,0.89164,0.00108526,0.00108526,0.00108526
143,455.451,0.86811,0.43447,0.79574,0.99818,1,0.995,0.79123,0.94452,0.40232,0.89424,0.00108113,0.00108113,0.00108113
144,458.941,0.88661,0.44608,0.80965,0.99812,1,0.995,0.77141,1.0671,0.41012,0.89357,0.00107701,0.00107701,0.00107701
145,462.111,0.8516,0.42175,0.81397,0.99813,1,0.995,0.79378,0.88725,0.33682,0.88765,0.00107288,0.00107288,0.00107288
146,465.482,0.88074,0.43587,0.80752,0.99812,1,0.995,0.75433,1.23478,0.43173,0.90495,0.00106876,0.00106876,0.00106876
147,468.379,0.84973,0.42044,0.80458,0.99819,1,0.995,0.79265,0.99577,0.38145,0.8886,0.00106463,0.00106463,0.00106463
148,471.426,0.82177,0.41934,0.80024,0.99822,1,0.995,0.77779,1.0312,0.38082,0.89167,0.0010605,0.0010605,0.0010605
149,474.905,0.8191,0.41519,0.80516,0.99827,1,0.995,0.78934,0.88407,0.31238,0.88856,0.00105638,0.00105638,0.00105638
150,478.081,0.85651,0.41649,0.79314,0.99831,1,0.995,0.79202,0.95659,0.38393,0.89199,0.00105225,0.00105225,0.00105225
151,481.86,0.84472,0.43666,0.80315,0.99812,1,0.995,0.80876,0.92465,0.42713,0.88958,0.00104813,0.00104813,0.00104813
152,485.553,0.81083,0.41456,0.7994,1,1,0.995,0.814,0.8807,0.40933,0.88902,0.001044,0.001044,0.001044
153,488.667,0.81274,0.42015,0.79607,1,1,0.995,0.79931,0.98985,0.38303,0.89225,0.00103987,0.00103987,0.00103987
154,492.152,0.8299,0.42793,0.79052,1,1,0.995,0.82233,0.8087,0.3219,0.88771,0.00103575,0.00103575,0.00103575
155,495.546,0.85113,0.41472,0.8004,1,1,0.995,0.79633,1.06973,0.35737,0.8926,0.00103162,0.00103162,0.00103162
156,498.443,0.79259,0.42611,0.78706,0.99811,1,0.995,0.81656,0.88284,0.33068,0.88836,0.0010275,0.0010275,0.0010275
157,501.29,0.76005,0.41679,0.78798,0.99831,1,0.995,0.79012,1.08395,0.36577,0.89575,0.00102337,0.00102337,0.00102337
158,505.614,0.82987,0.41347,0.79915,0.99807,1,0.995,0.79399,0.93027,0.32038,0.88913,0.00101925,0.00101925,0.00101925
159,510.065,0.80366,0.42429,0.78719,0.99825,1,0.995,0.82142,0.90636,0.30601,0.88744,0.00101512,0.00101512,0.00101512
160,513.143,0.75806,0.42214,0.79642,0.99814,1,0.995,0.82237,0.75349,0.32541,0.88463,0.00101099,0.00101099,0.00101099
161,516.13,0.83098,0.42942,0.81359,1,1,0.995,0.83636,0.84877,0.3089,0.88555,0.00100687,0.00100687,0.00100687
162,519.037,0.79471,0.40024,0.78904,1,1,0.995,0.81931,0.95502,0.33705,0.89017,0.00100274,0.00100274,0.00100274
163,522.108,0.82813,0.42051,0.79502,0.99814,1,0.995,0.79659,0.93425,0.34744,0.89236,0.000998616,0.000998616,0.000998616
164,525.241,0.81985,0.43129,0.81608,0.99822,1,0.995,0.79117,0.87345,0.32,0.88845,0.000994491,0.000994491,0.000994491
165,528.245,0.81801,0.41486,0.80765,0.99817,1,0.995,0.80538,0.89731,0.3301,0.88897,0.000990365,0.000990365,0.000990365
166,531.459,0.83046,0.44019,0.78998,0.99816,1,0.995,0.83706,0.90544,0.33158,0.88963,0.000986239,0.000986239,0.000986239
167,535.727,0.8234,0.40891,0.80912,0.99805,1,0.995,0.80969,1.03528,0.33565,0.89019,0.000982113,0.000982113,0.000982113
168,540.006,0.83064,0.40451,0.81658,0.99824,1,0.995,0.81889,0.82432,0.30456,0.88663,0.000977987,0.000977987,0.000977987
169,543.638,0.77722,0.40842,0.79502,0.99815,1,0.995,0.78413,0.92926,0.33424,0.88877,0.000973861,0.000973861,0.000973861
170,546.984,0.76634,0.40706,0.78983,0.79887,1,0.80548,0.63113,1.03786,0.86903,0.89372,0.000969736,0.000969736,0.000969736
171,550.843,0.79606,0.40936,0.78928,1,1,0.995,0.80653,1.05546,0.41009,0.89329,0.00096561,0.00096561,0.00096561
172,554.28,0.8092,0.41997,0.79806,0.99795,1,0.995,0.77119,1.00677,0.37712,0.89309,0.000961484,0.000961484,0.000961484
173,558.141,0.83177,0.41408,0.79522,0.99813,1,0.995,0.78701,0.84911,0.36821,0.88617,0.000957358,0.000957358,0.000957358
174,561.864,0.79992,0.42518,0.79645,0.99136,1,0.995,0.81037,0.88188,0.41129,0.88787,0.000953232,0.000953232,0.000953232
175,565.42,0.82247,0.41259,0.81269,1,1,0.995,0.8123,0.83197,0.34429,0.88661,0.000949106,0.000949106,0.000949106
176,569.37,0.84532,0.42707,0.80415,0.99848,1,0.995,0.82596,0.62364,0.26346,0.88385,0.000944981,0.000944981,0.000944981
177,572.698,0.81291,0.41096,0.78954,1,1,0.995,0.81457,0.82187,0.33271,0.88573,0.000940855,0.000940855,0.000940855
178,576.094,0.8046,0.42556,0.78933,0.99839,1,0.995,0.80886,0.82644,0.36223,0.88691,0.000936729,0.000936729,0.000936729
179,579.094,0.82769,0.42733,0.8128,0.99807,1,0.995,0.78897,0.87692,0.41015,0.88799,0.000932603,0.000932603,0.000932603
180,582.216,0.79151,0.40453,0.80764,0.99829,1,0.995,0.80698,0.80089,0.35602,0.89139,0.000928477,0.000928477,0.000928477
181,585.596,0.79332,0.40561,0.80508,0.99842,1,0.995,0.80916,0.93948,0.34165,0.88965,0.000924352,0.000924352,0.000924352
182,588.906,0.80398,0.40689,0.81276,1,1,0.995,0.8242,0.84662,0.33934,0.88753,0.000920226,0.000920226,0.000920226
183,592.097,0.84652,0.40583,0.81682,0.99819,1,0.995,0.80734,0.79902,0.29151,0.88676,0.0009161,0.0009161,0.0009161
184,595.269,0.8196,0.40853,0.80699,0.99814,1,0.995,0.78903,0.93593,0.34773,0.88905,0.000911974,0.000911974,0.000911974
185,598.837,0.75426,0.39375,0.80326,0.99817,1,0.995,0.81818,0.82723,0.33808,0.8893,0.000907848,0.000907848,0.000907848
186,601.617,0.7913,0.39752,0.80622,0.99879,1,0.995,0.81551,0.79753,0.33325,0.88986,0.000903722,0.000903722,0.000903722
187,605.045,0.78403,0.38762,0.78157,0.99859,1,0.995,0.79495,0.79043,0.31268,0.89145,0.000899597,0.000899597,0.000899597
188,608.215,0.79905,0.39963,0.79517,0.99778,1,0.995,0.78654,0.90554,0.36985,0.89651,0.000895471,0.000895471,0.000895471
189,611.218,0.75246,0.39717,0.7846,0.99815,1,0.995,0.80589,0.89543,0.33637,0.8903,0.000891345,0.000891345,0.000891345
190,614.431,0.77607,0.39677,0.79634,0.99719,1,0.995,0.81531,0.76537,0.2915,0.88603,0.000887219,0.000887219,0.000887219
191,617.933,0.77948,0.40517,0.80024,0.99819,1,0.995,0.82019,0.95854,0.3596,0.89041,0.000883093,0.000883093,0.000883093
192,621.432,0.75896,0.39506,0.78566,1,1,0.995,0.8312,0.90503,0.3525,0.8885,0.000878967,0.000878967,0.000878967
193,624.783,0.7736,0.39263,0.79915,0.99813,1,0.995,0.82167,0.85828,0.35291,0.88626,0.000874842,0.000874842,0.000874842
194,628.395,0.78624,0.40657,0.79083,0.99854,1,0.995,0.80246,0.79564,0.33,0.88388,0.000870716,0.000870716,0.000870716
195,631.618,0.79177,0.41285,0.79194,0.99839,1,0.995,0.80664,0.96952,0.35898,0.88868,0.00086659,0.00086659,0.00086659
196,635.061,0.75805,0.39951,0.7882,1,1,0.995,0.81075,0.82709,0.30624,0.88821,0.000862464,0.000862464,0.000862464
197,638.214,0.7704,0.38312,0.80201,0.998,1,0.995,0.83148,0.8418,0.34748,0.88835,0.000858338,0.000858338,0.000858338
198,641.772,0.77885,0.40245,0.80002,1,1,0.995,0.8221,0.80448,0.33424,0.8863,0.000854212,0.000854212,0.000854212
199,645.642,0.75965,0.39415,0.79458,1,1,0.995,0.81586,0.88828,0.31384,0.88701,0.000850087,0.000850087,0.000850087
200,649.71,0.79703,0.42277,0.78602,1,1,0.995,0.80597,0.91026,0.32613,0.8871,0.000845961,0.000845961,0.000845961
201,653.099,0.79943,0.41319,0.80761,0.99851,1,0.995,0.81244,0.83919,0.31405,0.88515,0.000841835,0.000841835,0.000841835
202,656.367,0.78007,0.4001,0.8004,0.99848,1,0.995,0.82996,0.74781,0.3095,0.88238,0.000837709,0.000837709,0.000837709
203,660.553,0.78435,0.40529,0.7997,0.99804,1,0.995,0.783,0.9526,0.365,0.88978,0.000833583,0.000833583,0.000833583
204,663.96,0.76187,0.40612,0.79955,0.9977,1,0.995,0.8077,0.82546,0.31544,0.8895,0.000829458,0.000829458,0.000829458
205,667.314,0.76138,0.39898,0.79011,0.9982,1,0.995,0.81417,0.82637,0.33704,0.88891,0.000825332,0.000825332,0.000825332
206,670.292,0.8183,0.41222,0.7836,0.99814,1,0.995,0.79604,1.06016,0.4497,0.89304,0.000821206,0.000821206,0.000821206
